"id","apellido","nombre","mail"
1,"Heintze","Dora","ulla09@naser.com"
2,"Grein Groth","George","fkade@nerger.de"
3,"Gorlitz","Oswin","ahenschel@lange.de"
4,"Ring","Susanne","aanders@reichmann.de"
5,"Tintzmann","Irma","calogeromitschke@wesack.com"
6,"Seifert","Erik","lisbethjacob@bolzmann.de"
7,"Kostolzin","Charlotte","antoniafreudenberger@heidrich.de"
8,"Walter","Vitus","larissadrewes@sauer.de"
9,"Gröttner","Ian","roemerlidia@schweitzer.de"
10,"Kitzmann","Wanda","nergergunnar@scholl.net"
11,"Kohl","Traude","gisela68@adler.de"
12,"Ullmann","Inga","eleni29@wernecke.de"
13,"Budig","Horst-Günter","stiffelferenc@schlosser.com"
14,"Bolzmann","Clemens","jaroslawwohlgemut@stiffel.com"
15,"Drewes","Fabian","seidellilli@heser.de"
16,"Wulf","Adolfine","ynohlmans@jaehn.de"
17,"Bolander","Muharrem","kfoerster@hermann.de"
18,"Ernst","Tomas","milosweitzel@hoerle.com"
19,"Junck","Kuno","seiporhan@plath.com"
20,"Rosenow","Eugenia","xwulff@wende.com"
21,"Vollbrecht","Hans-Martin","ayten29@heser.de"
22,"Pechel","Hanni","apostolos58@zimmer.de"
23,"Mies","Sibylle","holttatiana@eckbauer.de"
24,"Wilmsen","Beate","loefflerrobby@schmidtke.de"
25,"Kruschwitz","Hermine","isontag@wieloch.de"
26,"Freudenberger","Ljudmila","kreinhagen@zorbach.com"
27,"Seifert","Lisette","annedorehaenel@jaekel.com"
28,"Klapp","Abdullah","gildakuhl@schomber.de"
29,"Renner","Rita","petra19@hering.com"
30,"Heidrich","Notburga","egbertkranz@plath.com"
31,"Käster","Cordula","bozenajohann@weinhold.com"
32,"Schuchhardt","Igor","ehrhardbolnbach@ortmann.org"
33,"Reinhardt","Natalja","ottiliehahn@albers.com"
34,"Rädel","Siegrid","miestherese@gute.net"
35,"Hermann","Aenne","josef05@waehner.net"
36,"Krein","Adolf","wgnatz@binner.net"
37,"Noack","Henny","xsauer@karz.com"
38,"Kaul","Florence","kaspar37@riehl.com"
39,"Scheibe","Ramon","piotr20@beer.com"
40,"Rosemann","Gebhard","knappeinken@gute.de"
41,"Birnbaum","Sinaida","schweitzerklaus-michael@eckbauer.com"
42,"Lindau","Milica","meisterrichard@bauer.de"
43,"Mohaupt","Ignaz","trudel77@langern.com"
44,"Ruppert","Ilija","rfliegner@briemer.com"
45,"Drubin","Tabea","priskascholl@flantz.org"
46,"Renner","Cilli","kloos@doerschner.net"
47,"Wohlgemut","Gerlind","helmutscholz@nette.com"
48,"Eberth","Volker","antonia17@plath.de"
49,"Butte","Annedore","max03@pohl.net"
50,"Trupp","Aneta","mkramer@gude.de"